rank,lineage,spine,generations,score,weakest_link,first_work,last_work,work_span,first_award,last_award,award_span,intermediate_prizes,award_inversions,member_prizes,member_laureates,member_links
1,Superconductivity to the Higgs mechanism and electroweak unification,1913 -> 1972 -> 2008a -> 2013 -> 1979 -> 1999 -> 1984,7,5.5,M,1908,1983,75,1913,2013,100,5,2,10,20,12
2,Superconductivity to quantum circuits,1910 -> 1913 -> 1972 -> 1996 -> 2003b -> 2025,6,4.5,M,1873,1985,112,1910,2025,115,4,0,10,19,12
3,"Molecular beams to lasers, cold atoms and attosecond pulses",1943 -> 1944 -> 1964 -> 2018a -> 1997 -> 2001,6,4.5,M,1922,1995,73,1943,2018,75,4,1,15,28,17
4,Track chambers to quarks and asymptotic freedom,1927b -> 1960 -> 1968 -> 1969 -> 1990 -> 2004,6,4.0,M,1911,1973,62,1927,2004,77,4,0,8,13,8
5,"X-rays to radioactivity, the neutron and neutron scattering",1901 -> 1903a -> 1903b -> 1935 -> 1994,5,3.5,M,1895,1946,51,1901,1994,93,3,0,7,9,6
6,Magnetic resonance to quantum electrodynamics,1943 -> 1944 -> 1955 -> 1965 -> 1979,5,3.5,M,1922,1967,45,1943,1979,36,3,0,7,14,6
7,Heat radiation to the quantum and its confirmations,1911 -> 1918 -> 1921 -> 1927a -> 1930,5,3.5,M,1893,1928,35,1911,1930,19,3,0,12,14,11
8,Matter waves to antimatter,1929 -> 1933 -> 1936b -> 1948,4,3.0,H,1924,1933,9,1929,1948,19,2,0,13,18,14
9,X-ray diffraction and spectroscopy,1901 -> 1914 -> 1915 -> 1994,4,2.5,M,1895,1946,51,1901,1994,93,2,0,8,11,7
10,Transistor to quantum Hall effects and topology,1956 -> 2000a -> 1998 -> 2016b,4,2.5,M,1947,1982,35,1956,2016,60,2,1,6,13,7
11,Neutrinos: detection to neutrino astronomy,1938 -> 1995b -> 2002a -> 2015,4,2.0,M,1934,1998,64,1938,2015,77,2,0,11,17,21
12,Symmetry principles to CP violation and three quark families,1963a -> 1957 -> 1980 -> 2008b,4,2.0,M,1927,1973,46,1957,2008,51,2,1,4,7,3
13,Blackbody radiation to the cosmic microwave background,1911 -> 1918 -> 2006,3,2.0,H,1893,1990,97,1911,2006,95,1,0,6,10,6
14,Pulsars to gravitational waves,1974b -> 1993 -> 2017,3,2.0,H,1967,2015,48,1974,2017,43,1,0,6,11,5
15,"Transistor to heterostructures, LEDs and fibre optics",1956 -> 2000a -> 2014,3,2.0,H,1947,1989,42,1956,2014,58,1,0,7,15,6
16,Exclusion principle to the accelerating universe,1945 -> 1983a -> 2011,3,1.5,M,1925,1998,73,1945,2011,66,1,0,5,8,4
17,Disordered magnets to neural networks,1977 -> 2021b -> 2024,3,1.5,M,1958,1982,24,1977,2024,47,1,0,3,6,3
